datetime,open,high,low,close,volume
2026-07-12T20:00:00+00:00,8830.83,8830.83,8799.63,8805.64,295
2026-07-13T00:00:00+00:00,8805.64,8828.54,8771.52,8792.02,6008.066538090646
2026-07-13T04:00:00+00:00,8792.02,8832.78,8787.66,8832.27,3956
2026-07-13T08:00:00+00:00,8832.27,8860.28,8830.26,8831.26,3112
2026-07-13T12:00:00+00:00,8831.26,8850.28,8800.27,8822.78,8092
2026-07-13T16:00:00+00:00,8822.78,8825.28,8793.77,8806.28,5771
2026-07-13T20:00:00+00:00,8806.28,8808.26,8740.92,8754.43,2147.9429041047147
2026-07-14T00:00:00+00:00,8754.43,8759.320000000002,8707.320000000002,8719.320000000002,10377
2026-07-14T04:00:00+00:00,8719.320000000002,8801.41,8713.84,8780.89,4031
2026-07-14T08:00:00+00:00,8780.89,8794.91,8760.89,8790.9,6228
2026-07-14T12:00:00+00:00,8790.9,8879.91,8780.89,8846.9,11741
2026-07-14T16:00:00+00:00,8846.9,8854.89,8836.39,8847.39,2808.6548646989495
2026-07-14T20:00:00+00:00,8847.39,8872.699999999999,8836.71,8868.699999999999,1085.8989239238717
2026-07-15T00:00:00+00:00,8868.699999999999,8886.609999999999,8836.589999999998,8844.589999999998,4317
2026-07-15T04:00:00+00:00,8844.589999999998,8847.609999999999,8798.97,8811.67,3074.0922920892494
2026-07-15T08:00:00+00:00,8811.67,8829.69,8804.68,8809.19,3018
2026-07-15T12:00:00+00:00,8809.19,8855.69,8799.67,8835.67,6920
2026-07-15T16:00:00+00:00,8835.67,8854.69,8810.68,8849.69,3439
2026-07-15T20:00:00+00:00,8849.69,8863.3,8829.47,8861.289999999999,1011.3645485250263
2026-07-16T00:00:00+00:00,8861.289999999999,8871.18,8819.69,8835.19,5063
2026-07-16T04:00:00+00:00,8835.19,8857.18,8805.97,8809.96,3418.4288518155054
2026-07-16T08:00:00+00:00,8809.96,8819.98,8778.47,8796.47,4142
2026-07-16T12:00:00+00:00,8796.47,8834.48,8765.96,8817.46,8062
2026-07-16T16:00:00+00:00,8817.46,8819.48,8797.96,8812.98,5403
2026-07-16T20:00:00+00:00,8812.98,8815.48,8781.269999999999,8792.269999999999,1875.8262262779817
2026-07-17T00:00:00+00:00,8792.269999999999,8797.179999999998,8730.659999999998,8751.159999999998,5277
2026-07-17T04:00:00+00:00,8751.159999999998,8799.51,8732.659999999998,8794,4572
2026-07-17T08:00:00+00:00,8794,8805.99,8773,8803.01,4724
2026-07-17T12:00:00+00:00,8803.01,8843.51,8770.01,8843.51,8539
2026-07-17T16:00:00+00:00,8843.51,8844.51,8806.49,8837.01,5003
2026-07-17T20:00:00+00:00,8837.01,8837.01,8828,8836.51,245.84256321480876
2026-07-19T20:00:00+00:00,8831.77,8838.78,8828.27,8831.77,257
2026-07-20T00:00:00+00:00,8831.77,8839.66,8792.17,8814.67,6814
2026-07-20T04:00:00+00:00,8814.67,8827.78,8780.26,8816.76,3770
2026-07-20T08:00:00+00:00,8816.76,8834.77,8799.27,8824.76,4827.836161187699
2026-07-20T12:00:00+00:00,8824.76,8825.28,8764.26,8784.78,8018
2026-07-20T16:00:00+00:00,8784.78,8787.26,8742.26,8756.28,4993
2026-07-20T20:00:00+00:00,8756.28,8764.21,8732.21,8752.82,1521.651817515816
2026-07-21T00:00:00+00:00,8752.82,8800.22,8728.199999999999,8799.72,5546.538646513226
2026-07-21T04:00:00+00:00,8799.72,8802.21,8766.65,8785.66,2500.1823360593835
2026-07-21T08:00:00+00:00,8785.66,8795.17,8761.65,8763.65,3589.7977900552487
2026-07-21T12:00:00+00:00,8763.65,8782.15,8723.67,8773.65,6662
2026-07-21T16:00:00+00:00,8773.65,8805.66,8773.65,8803.15,1925.4727928129123
2026-07-21T20:00:00+00:00,8803.15,8809.82,8785.21,8806.34,1037.3802163984194
2026-07-22T00:00:00+00:00,8806.34,8846.24,8798.730000000001,8823.24,3403.9068501920615
2026-07-22T04:00:00+00:00,8823.24,8827.24,8794.72,8803.72,2824.90094398961
2026-07-22T08:00:00+00:00,8803.72,8863.73,8802.71,8843.22,5325
2026-07-22T12:00:00+00:00,8843.22,8902.73,8842.71,8879.71,5275
2026-07-22T16:00:00+00:00,8879.71,8882.73,8864.21,8870.21,2267.8258325832585
2026-07-22T20:00:00+00:00,8870.21,8881.72,8850.7,8858.7,1944.1562543128134
2026-07-23T00:00:00+00:00,8858.7,8904.11,8845.1,8849.6,6006
2026-07-23T04:00:00+00:00,8849.6,8858.61,8801.12,8819.12,4053
2026-07-23T08:00:00+00:00,8819.12,8837.63,8792.11,8808.11,5368
2026-07-23T12:00:00+00:00,8808.11,8808.62,8752.63,8776.11,13668
2026-07-23T16:00:00+00:00,8776.11,8791.11,8771.13,8784.62,5317.230396902227
2026-07-23T20:00:00+00:00,8784.62,8799.98,8768.08,8779.59,1944.8710298129636
2026-07-24T00:00:00+00:00,8779.59,8800.99,8719.98,8734.970000000001,6423
2026-07-24T04:00:00+00:00,8734.970000000001,8798.9,8732.970000000001,8787.89,4003
2026-07-24T08:00:00+00:00,8787.89,8804.89,8779.4,8799.9,4090.5328269126426
2026-07-24T12:00:00+00:00,8799.9,8834.9,8780.39,8828.89,9263
2026-07-24T16:00:00+00:00,8828.89,8834.41,8796.39,8808.41,5410
2026-07-24T20:00:00+00:00,8808.41,8811.41,8801.89,8804.9,203
2026-07-26T20:00:00+00:00,8804.9,8863.98,8804.9,8855.96,283
2026-07-27T00:00:00+00:00,8855.96,8873.88,8830.38,8863.86,5072
2026-07-27T04:00:00+00:00,8863.86,8894.48,8863.86,8868.96,2204.487892180478
2026-07-27T08:00:00+00:00,8868.96,8892.98,8859.97,8878.47,3405
2026-07-27T12:00:00+00:00,8878.47,8880.48,8830.96,8838.48,8743
2026-07-27T16:00:00+00:00,8838.48,8870.47,8831.96,8862.46,5959
2026-07-27T20:00:00+00:00,8862.46,8864.97,8825.92,8834.92,1351.014722028348
2026-07-28T00:00:00+00:00,8834.92,8922.34,8829.84,8920.34,5845
2026-07-28T04:00:00+00:00,8920.34,8975.37,8905.32,8953.38,3933.308416240925
2026-07-28T08:00:00+00:00,8953.38,8969.38,8936.37,8949.88,5337
2026-07-28T12:00:00+00:00,8949.88,9039.39,8947.38,9039.37,7741
2026-07-28T16:00:00+00:00,9039.37,9040.39,9018.37,9023.37,3140
2026-07-28T20:00:00+00:00,9023.37,9040.78,8999.91,9017.13,1926.8906044944615
2026-07-29T00:00:00+00:00,9017.13,9103.55,9017.13,9054.53,11030
2026-07-29T04:00:00+00:00,9054.53,9073.9,9037.53,9066.41,4916
2026-07-29T08:00:00+00:00,9066.41,9073.41,9052.89,9067.41,5032
2026-07-29T12:00:00+00:00,9067.41,9070.4,9008.89,9014.91,10666
2026-07-29T16:00:00+00:00,9014.91,9083.4,8973.39,8981.4,16261
2026-07-29T20:00:00+00:00,8981.4,9047.02,8968.39,9045.01,6734.610689824165
2026-07-30T00:00:00+00:00,9045.01,9062.42,8984.9,8997.4,8066
2026-07-30T04:00:00+00:00,8997.4,9005.42,8956.15,8965.17,6163
2026-07-30T08:00:00+00:00,8965.17,9018.68,8958.17,9017.17,7518
2026-07-30T12:00:00+00:00,9017.17,9037.66,9009.16,9034.17,10258
2026-07-30T16:00:00+00:00,9034.17,9064.68,9031.67,9059.66,3197
2026-07-30T20:00:00+00:00,9059.66,9069.91,9042.91,9052.06,1726.4265581027644
2026-07-31T00:00:00+00:00,9052.06,9056.96,8969.97,8979.949999999999,5364.386962552011
2026-07-31T04:00:00+00:00,8979.949999999999,9012.16,8961.55,9006.17,3504
2026-07-31T08:00:00+00:00,9006.17,9010.16,8974.65,8981.16,4516
2026-07-31T12:00:00+00:00,8981.16,8981.17,8884.66,8932.67,9572
2026-07-31T16:00:00+00:00,8932.67,8940.15,8917.15,8924.67,3851.0974279033517
2026-07-31T20:00:00+00:00,8924.67,8928.66,8917.65,8919.67,455
2026-08-02T20:00:00+00:00,8919.67,8956.71,8919.67,8947.71,302
2026-08-03T00:00:00+00:00,8947.71,8977.11,8936.61,8965.1,4625
2026-08-03T04:00:00+00:00,8965.1,9020.49,8963.59,9011.19,2823
2026-08-03T08:00:00+00:00,9011.19,9013.2,8996.19,9003.2,3451
2026-08-03T12:00:00+00:00,9003.2,9023.21,8979.69,9012.19,3414
2026-08-03T16:00:00+00:00,9012.19,9025.2,9007.19,9016.21,1317.2940820508843
2026-08-03T20:00:00+00:00,9016.21,9035.109999999999,9013.19,9029.609999999999,779.9941494346012
2026-08-04T00:00:00+00:00,9029.609999999999,9147.99,9027.5,9145.99,5600
2026-08-04T04:00:00+00:00,9145.99,9153.609999999999,9132.49,9136.2,2211
2026-08-04T08:00:00+00:00,9136.2,9143.19,9097.19,9136.71,4036
2026-08-04T12:00:00+00:00,9136.71,9144.7,9108.2,9141.7,3766
2026-08-04T16:00:00+00:00,9141.7,9182.71,9141.2,9173.21,2253.2779999040895
2026-08-04T20:00:00+00:00,9173.21,9186.81,9151.75,9153.76,1342.596726494822
2026-08-05T00:00:00+00:00,9153.76,9208.17,9124.15,9205.65,7779
2026-08-05T04:00:00+00:00,9205.65,9224.17,9180.93,9182.45,3084
2026-08-05T08:00:00+00:00,9182.45,9193.43,9163.43,9183.95,2905
2026-08-05T12:00:00+00:00,9183.95,9217.93,9183.95,9192.44,5604
2026-08-05T16:00:00+00:00,9192.44,9206.93,9192.44,9195.95,2711.8005476951166
2026-08-05T20:00:00+00:00,9195.95,9211.59,9174.81,9211.11,1201.3695805052168
2026-08-06T00:00:00+00:00,9211.11,9280.5,9209.99,9250.5,6737
2026-08-06T04:00:00+00:00,9250.5,9273.03,9232.09,9262.52,2561
2026-08-06T08:00:00+00:00,9262.52,9287.03,9248.01,9260.53,2553
2026-08-06T12:00:00+00:00,9260.53,9278.03,9247.52,9250.52,4103
2026-08-06T16:00:00+00:00,9250.52,9259.03,9241.51,9247.52,2915.854589205913
2026-08-06T20:00:00+00:00,9247.52,9251.31,9227.31,9234.9,1019.3134568751684
2026-08-07T00:00:00+00:00,9234.9,9274.28,9210.79,9266.8,4752
2026-08-07T04:00:00+00:00,9266.8,9277.29,9253.38,9256.89,1767.9632727620026
2026-08-07T08:00:00+00:00,9256.89,9290.4,9256.88,9284.9,1714.3229769952272
2026-08-07T12:00:00+00:00,9284.9,9315.38,9281.88,9289.89,4840
2026-08-07T16:00:00+00:00,9289.89,9293.38,9276.369999999999,9288.869999999999,2508.1007506672668
2026-08-07T20:00:00+00:00,9288.869999999999,9293.89,9284.869999999999,9284.88,168.88846187722547
2026-08-09T20:00:00+00:00,9288.89,9288.89,9246.57,9248.59,256
2026-08-10T00:00:00+00:00,9248.59,9267.48,9201.49,9221.97,5347.3580562659845
2026-08-10T04:00:00+00:00,9221.97,9258.59,9213.49,9253.58,1916.8560494862654
2026-08-10T08:00:00+00:00,9253.58,9256.09,9226.59,9239.57,1616.5599527285033
2026-08-10T12:00:00+00:00,9239.57,9243.59,9208.07,9235.09,3326.420814479638
2026-08-10T16:00:00+00:00,9235.09,9239.08,9222.08,9234.58,1548.6127123872777
2026-08-10T20:00:00+00:00,9234.58,9237.87,9202.52,9221.02,588.2243022553173
2026-08-11T00:00:00+00:00,9221.02,9260.42,9220.94,9246.92,4232
2026-08-11T04:00:00+00:00,9246.92,9280.94,9225.28,9236.28,3585
2026-08-11T08:00:00+00:00,9236.28,9266.29,9229.78,9261.79,3523
2026-08-11T12:00:00+00:00,9261.79,9262.8,9215.78,9218.28,4382.755745239659
2026-08-11T16:00:00+00:00,9218.28,9224.3,9195.8,9207.29,2081.793103448276
2026-08-11T20:00:00+00:00,9207.29,9217.91,9199.34,9203.85,756.1252908527947
2026-08-12T00:00:00+00:00,9203.85,9223.25,9176.75,9179.24,5066.57123193393
2026-08-12T04:00:00+00:00,9179.24,9222.03,9179.24,9207.52,1816.5803921568627
2026-08-12T08:00:00+00:00,9207.52,9219.53,9197.52,9215.54,2828.326060860731
2026-08-12T12:00:00+00:00,9215.54,9217.54,9171.84,9180.03,5540
2026-08-12T16:00:00+00:00,9180.03,9198.53,9179.54,9195.53,1597.729087536926
2026-08-12T20:00:00+00:00,9195.53,9198.82,9149.99,9160.5,881.2931828846058
2026-08-13T00:00:00+00:00,9160.5,9173.41,9109.39,9144.89,4877
2026-08-13T04:00:00+00:00,9144.89,9193.43,9134.39,9175.41,2239.261971830986
2026-08-13T08:00:00+00:00,9175.41,9201.41,9172.41,9182.93,1579.1349879152665
2026-08-13T12:00:00+00:00,9182.93,9188.43,9148.92,9151.41,4530.392260356561
2026-08-13T16:00:00+00:00,9151.41,9160.42,9146.41,9149.41,1500.5929760154245
2026-08-13T20:00:00+00:00,9149.41,9164.95,9142.2,9142.7,851.0677750548628
2026-08-14T00:00:00+00:00,9142.7,9146.58,9106.59,9107.09,5130.087405752583
2026-08-14T04:00:00+00:00,9107.09,9113.7,9081.41,9090.42,1891.260135135135
2026-08-14T08:00:00+00:00,9090.42,9099.42,9082.4,9092.42,1802.1209414486416
2026-08-14T12:00:00+00:00,9092.42,9102.41,9060.9,9065.42,3309
2026-08-14T16:00:00+00:00,9065.42,9080.92,9062.42,9077.9,1401.7374486106273
2026-08-14T20:00:00+00:00,9077.9,9082.4,9074.41,9074.41,123.25811884109574
2026-08-16T20:00:00+00:00,9073.41,9087.04,9073.41,9081.03,97
2026-08-17T00:00:00+00:00,9081.03,9108.44,9075.43,9078.43,4142.205034402591
2026-08-17T04:00:00+00:00,9078.43,9082.94,9046.05,9058.04,2224.581027571073
2026-08-17T08:00:00+00:00,9058.04,9061.03,9032.04,9032.54,2001.484249084249
2026-08-17T12:00:00+00:00,9032.54,9043.55,9005.03,9034.53,2845.939680232558
2026-08-17T16:00:00+00:00,9034.53,9037.05,9019.03,9031.03,1469.202069568767
2026-08-17T20:00:00+00:00,9031.03,9073.58,9027.81,9071.57,1005.0040444133576
2026-08-18T00:00:00+00:00,9071.57,9114.47,9060.49,9085.99,6130
2026-08-18T04:00:00+00:00,9085.99,9096.49,9039.31,9040.31,2285
2026-08-18T08:00:00+00:00,9040.31,9066.32,9031.31,9062.33,2310.8939538217373
2026-08-18T12:00:00+00:00,9062.33,9074.32,9034.31,9049.32,3333.023446222553
2026-08-18T16:00:00+00:00,9049.32,9058.82,9041.81,9043.33,1318.8689092488294
2026-08-18T20:00:00+00:00,9043.33,9045.32,9003.96,9005.449999999999,865.7355111875513
2026-08-19T00:00:00+00:00,9005.449999999999,9042.359999999999,8992.849999999999,9011.869999999999,5161
2026-08-19T04:00:00+00:00,9011.869999999999,9067.78,9011.849999999999,9055.76,2187.585273416351
2026-08-19T08:00:00+00:00,9055.76,9056.27,9026.76,9052.26,1656.6006034660368
2026-08-19T12:00:00+00:00,9052.26,9092.28,9050.26,9074.27,4501.84375
2026-08-19T16:00:00+00:00,9074.27,9079.77,9059.26,9078.78,1831.4720728885536
2026-08-19T20:00:00+00:00,9078.78,9099.01,9067.36,9076.869999999999,1015.1354650789071
2026-08-20T00:00:00+00:00,9076.869999999999,9085.26,9040.27,9049.76,7094
2026-08-20T04:00:00+00:00,9049.76,9069.36,9036.76,9041.04,2786
2026-08-20T08:00:00+00:00,9041.04,9051.56,9016.54,9017.55,3562
2026-08-20T12:00:00+00:00,9017.55,9069.56,9001.06,9038.55,5582
2026-08-20T16:00:00+00:00,9038.55,9058.04,9036.54,9050.56,1977.5432346587318
2026-08-20T20:00:00+00:00,9050.56,9060.3,9027.81,9058.32,734.4845421051848
2026-08-21T00:00:00+00:00,9058.32,9075.71,9043.199999999999,9047.199999999999,4728.828824626866
2026-08-21T04:00:00+00:00,9047.199999999999,9058.34,9035.34,9052.34,2291.862815305196
2026-08-21T08:00:00+00:00,9052.34,9067.84,9039.84,9054.85,2055.7029114115476
2026-08-21T12:00:00+00:00,9054.85,9088.84,9046.34,9080.35,3287.5398206669697
2026-08-21T16:00:00+00:00,9080.35,9085.33,9068.85,9079.34,1435.878297869688
2026-08-21T20:00:00+00:00,9079.34,9080.35,9075.33,9077.33,98.35894460883945
2026-08-23T20:00:00+00:00,9077.33,9084.59,9071.08,9082.59,211
2026-08-24T00:00:00+00:00,9082.59,9124.99,9063.99,9099.47,4565
2026-08-24T04:00:00+00:00,9099.47,9105.99,9068.57,9068.57,2435
2026-08-24T08:00:00+00:00,9068.57,9094.08,9067.57,9080.59,3214
2026-08-24T12:00:00+00:00,9080.59,9111.59,9069.57,9091.57,4246
2026-08-24T16:00:00+00:00,9091.57,9106.59,9091.57,9094.09,2657
2026-08-24T20:00:00+00:00,9094.09,9105.82,9091.82,9104.8,347
2026-08-25T00:00:00+00:00,9104.8,9179.72,9104.8,9146.7,6202
2026-08-25T04:00:00+00:00,9146.7,9166.81,9144.2,9149.31,2087
2026-08-25T08:00:00+00:00,9149.31,9186.31,9141.8,9169.32,4209
2026-08-25T12:00:00+00:00,9169.32,9193.32,9158.31,9187.8,3219
2026-08-25T16:00:00+00:00,9187.8,9195.82,9182.3,9195.82,1646
2026-08-25T20:00:00+00:00,9195.82,9196.82,9165.03,9181.54,366
2026-08-26T00:00:00+00:00,9181.54,9219.44,9137.95,9142.94,5341
2026-08-26T04:00:00+00:00,9142.94,9147.95,9107.05,9122.53,3040
2026-08-26T08:00:00+00:00,9122.53,9125.04,9106.54,9114.53,1992
2026-08-26T12:00:00+00:00,9114.53,9136.04,9100.05,9102.03,3668
2026-08-26T16:00:00+00:00,9102.03,9115.05,9094.53,9096.54,1501
2026-08-26T20:00:00+00:00,9096.54,9114.59,9096.54,9108.57,1147
2026-08-27T00:00:00+00:00,9108.57,9115.99,9033.449999999999,9033.449999999999,4268
2026-08-27T04:00:00+00:00,9033.449999999999,9045.97,9013.07,9023.08,2432
2026-08-27T08:00:00+00:00,9023.08,9031.59,9005.57,9029.58,3042
2026-08-27T12:00:00+00:00,9029.58,9041.07,9000.58,9040.07,4205
2026-08-27T16:00:00+00:00,9040.07,9049.57,9030.07,9047.09,2107
2026-08-27T20:00:00+00:00,9047.09,9051.62,9026.37,9044.11,466
2026-08-28T00:00:00+00:00,9044.11,9077,9038.02,9064.5,3882
2026-08-28T04:00:00+00:00,9064.5,9099.6,9064.01,9089.11,1918
2026-08-28T08:00:00+00:00,9089.11,9092.62,9075.1,9079.6,1988
2026-08-28T12:00:00+00:00,9079.6,9109.61,9048.1,9049.61,7088
2026-08-28T16:00:00+00:00,9049.61,9053.61,9026.6,9048.62,4807
2026-08-28T20:00:00+00:00,9048.62,9053.62,9048.11,9053.62,244
2026-08-30T20:00:00+00:00,9053.62,9060.88,9040.37,9057.38,391
2026-08-31T00:00:00+00:00,9057.38,9125.27,9055.27,9082.27,5842
2026-08-31T04:00:00+00:00,9082.27,9083.87,9056.88,9083.87,2284
2026-08-31T08:00:00+00:00,9083.87,9092.37,9071.86,9087.88,1463
2026-08-31T12:00:00+00:00,9087.88,9092.87,9035.87,9038.87,3348
2026-08-31T16:00:00+00:00,9038.87,9052.87,9032.86,9046.38,1520
2026-08-31T20:00:00+00:00,9046.38,9051.67,9016.33,9024.82,335
2026-09-01T00:00:00+00:00,9024.82,9053.24,9015.72,9027.74,3775
2026-09-01T04:00:00+00:00,9027.74,9068.32,9027.72,9047.83,2347
2026-09-01T08:00:00+00:00,9047.83,9051.34,8990.32,9025.32,6438
2026-09-01T12:00:00+00:00,9025.32,9040.83,9001.83,9004.32,4654
2026-09-01T16:00:00+00:00,9004.32,9006.84,8954.32,8967.34,4066
2026-09-01T20:00:00+00:00,8967.34,8971.33,8956.6,8963.59,450
2026-09-02T00:00:00+00:00,8963.59,8967.5,8926.5,8958.49,4205
